Preu,Zona,Superficie,Habitacions,Lavabos,Preu metre,Calefaccio,Aire acondicionat,Any construccio,Aparcament,Piscina,Ascensor,Planta,Consum,Venda/lloguer,Preu anunci,Preu pred,Status
225000,Centre,110.0,4.0,2.0,2045.0,1,0,1973.0,1,No,1,5.0,C,Venda,225000,227462,xollo
176000,Sant Pere Nord,92.0,3.0,2.0,1913.0,1,0,2022.0,1,No,1,3.0,G,Venda,176000,262636,xollo
119500,Sant Pere Nord,82.0,3.0,1.0,1457.0,1,0,1970.0,0,No,1,2.0,E,Venda,119500,154078,xollo
149000,Sant Pere,90.0,3.0,1.0,1656.0,1,1,1975.0,0,No,1,1.0,D,Venda,149000,154078,xollo
249000,Ca n�Aurell,164.0,5.0,2.0,1518.0,1,0,1942.0,0,No,0,1.0,D,Venda,249000,270525,xollo
133000,Can Jofresa,79.0,2.0,1.0,1684.0,1,1,2006.0,0,No,1,3.0,G,Venda,133000,154078,xollo
180000,Les Arenes-La Gr�pia,109.0,3.0,2.0,1651.0,1,1,1997.0,1,No,1,1.0,G,Venda,180000,227462,xollo
137000,Can Boada,95.0,3.0,1.0,1442.0,1,0,1973.0,0,No,0,1.0,G,Venda,137000,154078,xollo
127500,Ca n�Anglada,49.0,2.0,1.0,2602.0,1,0,2007.0,0,No,1,1.0,G,Venda,127500,131812,xollo
192000,Sant Pere Nord,116.0,3.0,2.0,1655.0,1,1,1971.0,0,No,0,2.0,G,Venda,192000,270525,xollo
126000,Can Palet,84.0,3.0,1.0,1500.0,1,0,1975.0,0,No,1,1.0,G,Venda,126000,154078,xollo
85000,La Maurina,101.0,4.0,1.0,842.0,0,0,1965.0,0,No,0,2.0,G,Venda,85000,136656,xollo
95000,Can Palet,76.0,3.0,1.0,1250.0,1,0,1971.0,0,No,0,2.0,E,Venda,95000,103259,xollo
118500,La Maurina,100.0,3.0,1.0,1185.0,0,0,1973.0,0,No,0,3.0,G,Venda,118500,136656,xollo
125000,Can Palet,108.0,3.0,1.0,1157.0,1,1,1963.0,0,No,0,2.0,G,Venda,125000,154078,xollo
69000,Montserrat,58.0,2.0,1.0,1190.0,0,0,1959.0,0,No,0,1.0,G,Venda,69000,103259,xollo
255000,Escoles,144.0,4.0,2.0,1771.0,1,1,1992.0,1,No,1,1.0,G,Venda,255000,270525,xollo
137500,Torre-sana,69.0,1.0,2.0,1993.0,1,1,2003.0,0,No,1,2.0,G,Venda,137500,192063,xollo
295000,Poblenou-Zona Esportiva,160.0,3.0,2.0,1844.0,1,1,2022.0,0,No,0,2.0,G,Venda,295000,370425,xollo
265000,Les Arenes-La Gr�pia,148.0,3.0,2.0,1791.0,1,1,1991.0,0,No,1,3.0,G,Venda,265000,270525,xollo
260000,Torre-sana,156.0,3.0,2.0,1667.0,1,1,1968.0,1,No,0,1.0,G,Venda,260000,270525,xollo
155000,Ca n�Aurell,80.0,2.0,2.0,1938.0,1,1,1972.0,0,No,1,2.0,D,Venda,155000,166660,xollo
219000,Centre,73.0,2.0,2.0,3000.0,1,1,2005.0,1,No,1,4.0,E,Venda,219000,227462,xollo
236900,Can Boada,150.0,3.0,2.0,1579.0,1,0,1960.0,0,No,0,3.0,D,Venda,236900,270525,xollo
98000,Segle XX,76.0,3.0,1.0,1289.0,0,0,1953.0,0,No,0,2.0,G,Venda,98000,103259,xollo
264900,Vallparad�s,160.0,4.0,2.0,1656.0,1,1,1988.0,0,No,1,2.0,E,Venda,264900,270525,xollo
215000,Egara,225.0,3.0,2.0,956.0,1,1,1961.0,0,No,0,1.0,D,Venda,215000,270525,xollo
186000,Pere parres,97.0,3.0,2.0,1918.0,1,0,2007.0,0,No,1,1.0,G,Venda,186000,192063,xollo
159900,Can Palet,99.0,4.0,2.0,1615.0,1,1,1981.0,0,No,0,3.0,E,Venda,159900,192063,xollo
254900,X�quer,188.0,5.0,3.0,1356.0,1,1,2001.0,1,No,1,3.0,G,Venda,254900,350862,xollo
260000,X�quer,196.0,5.0,2.0,1327.0,1,0,2000.0,1,No,1,3.0,D,Venda,260000,270525,xollo
136000,Cementiri Vell,94.0,3.0,1.0,1447.0,1,0,1970.0,0,No,1,1.0,E,Venda,136000,154078,xollo
220000,Cementiri Vell,116.0,4.0,2.0,1897.0,1,1,1979.0,1,No,1,3.0,G,Venda,220000,270525,xollo
385000,Centre,210.0,5.0,3.0,1833.0,1,1,1967.0,1,No,1,5.0,G,Venda,385000,427666,xollo
269000,Centre,125.0,3.0,2.0,2152.0,1,1,2001.0,1,No,1,2.0,G,Venda,269000,270525,xollo
210000,Cementiri Vell,131.0,4.0,2.0,1603.0,1,1,1972.0,0,No,1,5.0,G,Venda,210000,270525,xollo
150000,Les Arenes-La Gr�pia,65.0,2.0,1.0,2308.0,0,0,1994.0,1,No,1,2.0,G,Venda,150000,157664,xollo
125000,Can Boada,93.0,4.0,2.0,1344.0,1,0,1979.0,0,No,1,2.0,E,Venda,125000,192063,xollo
176000,Pere parres,88.0,3.0,2.0,2000.0,1,0,2007.0,0,No,1,2.0,G,Venda,176000,192063,xollo
122500,Sant Pere Nord,45.0,1.0,1.0,2722.0,1,0,2005.0,0,No,1,1.0,E,Venda,122500,131812,xollo
80000,Ca nﾴAnglada,74.0,3.0,1.0,1081.0,0,0,1971.0,0,No,0,2.0,G,Venda,80000,103259,xollo
135000,Sant Pere,89.0,3.0,1.0,1517.0,1,1,1973.0,0,No,0,2.0,E,Venda,135000,154078,xollo
85000,Ca n�Anglada,71.0,3.0,1.0,1197.0,1,1,1968.0,0,No,1,2.0,E,Venda,85000,131812,xollo
227000,Pere parres,155.0,4.0,2.0,1465.0,1,1,1978.0,0,No,1,3.0,G,Venda,227000,270525,xollo
140000,Ca n�Anglada,75.0,2.0,1.0,1867.0,1,1,2008.0,1,No,1,5.0,E,Venda,140000,161000,xollo
239900,Sant Pere Nord,220.0,4.0,2.0,1090.0,1,0,1991.0,0,No,0,2.0,G,Venda,239900,270525,xollo
225000,La Maurina,183.0,4.0,2.0,1230.0,1,1,1975.0,0,No,0,1.0,D,Venda,225000,270525,xollo
270000,Segle XX,133.0,4.0,2.0,2030.0,1,1,1983.0,0,No,0,1.0,E,Venda,270000,270525,xollo
147000,Can Jofresa,110.0,4.0,2.0,1336.0,0,0,1975.0,0,No,1,9.0,E,Venda,147000,166660,xollo
155000,Poblenou-Zona Esportiva,120.0,3.0,1.0,1292.0,1,0,1980.0,0,No,0,2.0,G,Venda,155000,270525,xollo
147000,Can Boada,93.0,4.0,2.0,1581.0,1,0,1979.0,0,No,1,3.0,G,Venda,147000,192063,xollo
149000,Les Arenes-La Gr�pia,60.0,2.0,1.0,2483.0,1,1,2006.0,1,No,1,1.0,E,Venda,149000,157664,xollo
296700,Can Roca,126.0,3.0,2.0,2355.0,1,1,2019.0,0,No,1,2.0,G,Venda,296700,370425,xollo
137000,Sant Pere Nord,96.0,4.0,1.0,1427.0,1,1,1958.0,0,No,0,4.0,F,Venda,137000,154078,xollo
120000,Sant Pere Nord,94.0,3.0,1.0,1277.0,0,0,1960.0,0,No,0,1.0,E,Venda,120000,136656,xollo
87000,Ca n�Anglada,71.0,3.0,1.0,1225.0,1,1,1969.0,0,No,0,3.0,G,Venda,87000,103259,xollo
140000,Can Palet,86.0,3.0,1.0,1628.0,1,1,1975.0,0,No,1,1.0,E,Venda,140000,154078,xollo
150000,Can Palet,90.0,3.0,1.0,1667.0,1,0,1972.0,0,No,1,4.0,G,Venda,150000,154078,xollo
187000,Vallparad�s,105.0,4.0,2.0,1781.0,0,0,1980.0,0,No,1,2.0,E,Venda,187000,192063,xollo
270000,Centre,122.0,4.0,2.0,2213.0,1,1,1988.0,0,No,1,1.0,G,Venda,270000,270525,xollo
320000,Sant Pere Nord,190.0,3.0,3.0,1684.0,1,1,2022.0,1,No,0,2.0,G,Venda,320000,350862,xollo
141000,Ca n�Anglada,111.0,1.0,2.0,1270.0,1,0,2008.0,0,No,1,3.0,D,Venda,141000,192063,xollo
245000,Les Arenes-La Gr�pia,131.0,3.0,2.0,1870.0,1,1,1991.0,0,No,1,3.0,E,Venda,245000,270525,xollo
257000,Can Palet,139.0,4.0,2.0,1849.0,1,1,2000.0,1,No,1,3.0,E,Venda,257000,270525,xollo
449000,Escoles,368.0,3.0,1.0,1220.0,1,1,1978.0,1,No,0,3.0,E,Venda,449000,471528,xollo
207000,Sant Pere Nord,82.0,3.0,2.0,2524.0,1,1,2021.0,1,No,1,1.0,G,Venda,207000,227462,xollo
183960,Can Palet,87.0,3.0,2.0,2114.0,0,0,2007.0,0,No,1,3.0,G,Venda,183960,192063,xollo
115000,X�quer,80.0,4.0,1.0,1438.0,1,1,1974.0,0,No,1,2.0,G,Venda,115000,154078,xollo
212800,Cementiri Vell,92.0,3.0,2.0,2313.0,1,0,1994.0,1,No,1,2.0,E,Venda,212800,227462,xollo
119900,Sant Pere Nord,94.0,3.0,1.0,1276.0,0,0,1960.0,0,No,0,1.0,E,Venda,119900,136656,xollo
80300,Sant Lloren�,61.0,3.0,1.0,1316.0,1,0,1960.0,0,No,0,2.0,G,Venda,80300,103259,xollo
263000,Can Boada,118.0,3.0,2.0,2229.0,1,1,1995.0,0,No,1,1.0,G,Venda,263000,270525,xollo
257000,Centre,129.0,5.0,2.0,1992.0,1,0,1975.0,1,No,1,1.0,F,Venda,257000,270525,xollo
112000,Can Boada,73.0,3.0,1.0,1534.0,1,1,1971.0,0,No,1,4.0,E,Venda,112000,131812,xollo
184000,Can Palet,116.0,5.0,2.0,1586.0,1,1,1975.0,0,No,1,1.0,G,Venda,184000,270525,xollo
136000,Cementiri Vell,79.0,3.0,1.0,1722.0,1,1,1970.0,0,No,1,1.0,E,Venda,136000,154078,xollo
225000,La Maurina,183.0,4.0,2.0,1230.0,1,1,1975.0,0,No,0,1.0,D,Venda,225000,270525,xollo
110000,La Maurina,71.0,2.0,1.0,1549.0,1,1,1966.0,0,No,1,5.0,D,Venda,110000,131812,xollo
225000,Centre,100.0,4.0,2.0,2250.0,1,1,1973.0,1,No,1,6.0,C,Venda,225000,227462,xollo
93500,Poblenou-Zona Esportiva,65.0,4.0,1.0,1438.0,1,0,1977.0,0,No,0,3.0,G,Venda,93500,103259,xollo
249900,Les Arenes-La Gr�pia,131.0,3.0,2.0,1908.0,1,1,1991.0,0,No,1,3.0,E,Venda,249900,270525,xollo
155000,Can Palet,99.0,4.0,2.0,1566.0,1,1,1992.0,0,No,1,1.0,G,Venda,155000,192063,xollo
245000,La Cogullada,99.0,3.0,2.0,2475.0,1,1,2021.0,0,No,1,2.0,A,Venda,245000,259750,xollo
359700,Sant Lloren�,378.0,4.0,2.0,952.0,1,1,1958.0,0,No,0,3.0,E,Venda,359700,471528,xollo
155000,Can Palet,90.0,4.0,2.0,1722.0,1,1,1992.0,0,No,1,1.0,E,Venda,155000,192063,xollo
186000,Pere parres,87.0,3.0,2.0,2138.0,1,0,2007.0,0,No,1,1.0,G,Venda,186000,192063,xollo
179900,Sant Pere Nord,88.0,3.0,2.0,2044.0,1,1,1999.0,0,No,1,2.0,G,Venda,179900,192063,xollo
130000,Can Palet,50.0,2.0,1.0,2600.0,1,1,2008.0,0,No,1,2.0,G,Venda,130000,131812,xollo
225600,La Cogullada,82.0,3.0,2.0,2751.0,1,1,2021.0,1,No,1,3.0,G,Venda,225600,227462,xollo
110000,Can Palet,64.0,3.0,1.0,1719.0,1,0,1966.0,0,No,1,3.0,G,Venda,110000,131812,xollo
82000,Ca n�Anglada,68.0,2.0,1.0,1206.0,1,1,1962.0,0,No,0,2.0,E,Venda,82000,103259,xollo
74000,Can Palet,60.0,2.0,1.0,1233.0,0,0,1968.0,0,No,0,3.0,G,Venda,74000,103259,xollo
179900,Sant Pere Nord,97.0,3.0,2.0,1855.0,1,1,1993.0,0,No,1,2.0,G,Venda,179900,192063,xollo
150000,Vallparad�s,90.0,4.0,2.0,1667.0,0,0,1971.0,0,No,1,6.0,G,Venda,150000,166660,xollo
330000,Sant Pere Nord,201.0,3.0,4.0,1642.0,1,1,2022.0,1,No,0,2.0,G,Venda,330000,350862,xollo
330000,Sant Pere Nord,193.0,3.0,4.0,1710.0,1,1,2022.0,1,No,0,2.0,G,Venda,330000,350862,xollo
330000,Sant Pere Nord,191.0,3.0,4.0,1728.0,1,1,2022.0,1,No,0,2.0,G,Venda,330000,350862,xollo
260000,Centre,123.0,3.0,2.0,2114.0,1,1,1995.0,0,No,1,2.0,G,Venda,260000,270525,xollo
197000,Poblenou-Zona Esportiva,86.0,2.0,2.0,2291.0,1,0,2002.0,1,No,1,2.0,G,Venda,197000,227462,xollo
175900,Ca n�Aurell,78.0,3.0,2.0,2255.0,1,0,2004.0,0,No,1,2.0,D,Venda,175900,192063,xollo
158000,Can Palet,99.0,4.0,2.0,1596.0,1,1,1992.0,0,No,1,1.0,G,Venda,158000,192063,xollo
189000,Torre-sana,118.0,3.0,1.0,1602.0,1,0,2002.0,1,No,1,2.0,G,Venda,189000,270525,xollo
150000,Ca n�Aurell,86.0,3.0,1.0,1744.0,1,1,1970.0,0,No,0,2.0,G,Venda,150000,154078,xollo
139000,Can Boada,90.0,4.0,2.0,1544.0,1,0,1986.0,0,No,1,3.0,G,Venda,139000,192063,xollo
119900,Can Palet,77.0,3.0,1.0,1557.0,0,0,1968.0,0,No,1,2.0,G,Venda,119900,131812,xollo
180000,Centre,135.0,2.0,2.0,1333.0,0,1,2004.0,1,No,1,3.0,G,Venda,180000,183437,xollo
242000,Torre-sana,170.0,3.0,2.0,1424.0,1,0,2005.0,1,No,1,1.0,E,Venda,242000,270525,xollo
194000,Can Roca,90.0,3.0,2.0,2156.0,1,1,2006.0,1,No,1,3.0,D,Venda,194000,227462,xollo
125000,Can Palet,77.0,3.0,1.0,1623.0,0,0,1977.0,0,No,1,2.0,D,Venda,125000,131812,xollo
105000,La Maurina,114.0,3.0,1.0,921.0,0,0,1975.0,0,No,0,3.0,E,Venda,105000,136656,xollo
224900,Cementiri Vell,60.0,2.0,1.0,3748.0,0,0,2007.0,1,No,1,1.0,C,Venda,224900,226328,xollo
176800,La Cogullada,88.0,3.0,2.0,2009.0,1,1,1999.0,0,No,1,4.0,E,Venda,176800,192063,xollo
235000,Escoles,139.0,4.0,1.0,1691.0,1,1,2000.0,0,No,1,4.0,E,Venda,235000,270525,xollo
191000,Sant Pere Nord,82.0,3.0,2.0,2329.0,1,1,2021.0,1,No,1,1.0,G,Venda,191000,227462,xollo
183860,Can Palet,87.0,3.0,2.0,2113.0,0,0,2007.0,0,No,1,3.0,D,Venda,183860,192063,xollo
137200,Pl� del Bonaire,65.0,3.0,1.0,2111.0,1,0,1985.0,1,No,1,4.0,G,Venda,137200,157664,xollo
137200,Pl� del Bonaire,65.0,3.0,1.0,2111.0,1,0,1985.0,1,No,1,4.0,G,Venda,137200,157664,xollo
249000,Poblenou-Zona Esportiva,135.0,3.0,2.0,1844.0,1,1,2000.0,1,No,1,2.0,G,Venda,249000,270525,xollo
135000,Can Palet,90.0,4.0,1.0,1500.0,1,0,1970.0,0,No,0,2.0,G,Venda,135000,154078,xollo
103000,Can Palet,78.0,3.0,1.0,1321.0,1,0,1968.0,0,No,1,4.0,F,Venda,103000,154078,xollo
189000,Cementiri Vell,96.0,3.0,1.0,1969.0,1,0,2006.0,1,No,1,1.0,E,Venda,189000,212000,xollo
164900,Sant Pere Nord,108.0,3.0,2.0,1527.0,1,0,2002.0,0,No,1,3.0,G,Venda,164900,192063,xollo
118000,Ca n�Aurell,53.0,1.0,1.0,2226.0,1,0,2005.0,0,No,1,2.0,G,Venda,118000,131812,xollo
179900,La Cogullada,222.0,5.0,3.0,810.0,0,0,1940.0,0,No,0,1.0,E,Venda,179900,184450,xollo
156000,Sant Pere Nord,70.0,3.0,2.0,2229.0,1,0,2008.0,0,No,1,2.0,G,Venda,156000,192063,xollo
399000,Can Palet de Vista Alegre,570.0,6.0,3.0,700.0,1,0,2001.0,1,Si,0,1.0,G,Venda,399000,639750,xollo
420000,Centre,251.0,7.0,3.0,1673.0,1,0,1968.0,0,No,1,2.0,E,Venda,420000,427666,xollo
173250,Montserrat,75.0,2.0,2.0,2310.0,1,0,2002.0,0,No,1,3.0,G,Venda,173250,192063,xollo
197000,La Maurina,120.0,3.0,2.0,1642.0,1,0,1955.0,0,No,0,2.0,D,Venda,197000,270525,xollo
211000,Sant Pere Nord,92.0,3.0,1.0,2293.0,1,0,1988.0,1,No,1,1.0,G,Venda,211000,212000,xollo
188000,Cementiri Vell,90.0,3.0,2.0,2089.0,1,0,1994.0,0,No,1,2.0,E,Venda,188000,192063,xollo
180000,Poblenou-Zona Esportiva,129.0,4.0,2.0,1395.0,1,0,1984.0,0,No,0,2.0,F,Venda,180000,270525,xollo
130000,Cementiri Vell,65.0,3.0,1.0,2000.0,0,0,1970.0,0,No,1,1.0,E,Venda,130000,131812,xollo
129000,Sant Pere Nord,79.0,3.0,1.0,1633.0,1,1,1965.0,0,No,0,2.0,G,Venda,129000,154078,xollo
228000,Ca nﾴAurell,150.0,4.0,2.0,1520.0,0,0,1979.0,0,No,0,1.0,C,Venda,228000,270525,xollo
169900,Torre-sana,109.0,2.0,2.0,1559.0,1,0,2006.0,1,No,1,2.0,G,Venda,169900,227462,xollo
124000,Poblenou-Zona Esportiva,107.0,4.0,1.0,1159.0,0,0,1964.0,0,No,0,1.0,G,Venda,124000,136656,xollo
155000,Can Palet,99.0,4.0,2.0,1566.0,1,1,1992.0,1,No,1,1.0,F,Venda,155000,227462,xollo
132000,Poblenou-Zona Esportiva,130.0,4.0,1.0,1015.0,1,0,1954.0,0,No,0,1.0,G,Venda,132000,270525,xollo
195000,Ca n�Aurell,90.0,2.0,2.0,2167.0,1,1,2004.0,1,No,1,3.0,E,Venda,195000,227462,xollo
120000,La Maurina,70.0,3.0,1.0,1714.0,1,0,1965.0,1,No,0,1.0,E,Venda,120000,157664,xollo
89500,La Maurina,83.0,3.0,1.0,1078.0,1,0,1960.0,0,No,1,3.0,G,Venda,89500,154078,xollo
112260,Ca n�Anglada,58.0,2.0,1.0,1936.0,1,0,2008.0,0,No,1,1.0,E,Venda,112260,131812,xollo
239000,Ca n�Aurell,79.0,3.0,2.0,3025.0,1,1,2022.0,0,No,1,2.0,G,Venda,239000,259750,xollo
249000,Poblenou-Zona Esportiva,135.0,3.0,2.0,1844.0,1,1,2000.0,1,No,1,7.0,G,Venda,249000,270525,xollo
190000,Poblenou-Zona Esportiva,90.0,4.0,2.0,2111.0,0,0,1998.0,1,No,1,1.0,E,Venda,190000,227462,xollo
186000,Poblenou-Zona Esportiva,107.0,2.0,2.0,1738.0,1,0,2001.0,0,No,1,2.0,G,Venda,186000,192063,xollo
205000,La Maurina,141.0,3.0,2.0,1454.0,1,1,2001.0,0,No,1,1.0,E,Venda,205000,270525,xollo
250890,Torre-sana,170.0,3.0,2.0,1476.0,1,1,2005.0,1,No,1,1.0,E,Venda,250890,270525,xollo
109200,Egara,81.0,3.0,1.0,1348.0,0,0,1970.0,0,No,0,3.0,F,Venda,109200,136656,xollo
79000,Pere parres,36.0,1.0,1.0,2194.0,0,0,1989.0,0,No,1,7.0,G,Venda,79000,131812,xollo
211000,Poblenou-Zona Esportiva,111.0,3.0,2.0,1901.0,1,0,1990.0,1,No,1,1.0,G,Venda,211000,227462,xollo
157000,Can Palet de Vista Alegre,81.0,2.0,1.0,1938.0,0,0,1978.0,1,No,0,1.0,F,Venda,157000,157664,xollo
120000,Can Roca,48.0,1.0,1.0,2500.0,1,0,2004.0,0,No,1,1.0,C,Venda,120000,131812,xollo
149000,Ca n�Aurell,104.0,4.0,2.0,1433.0,0,0,1975.0,1,No,1,6.0,E,Venda,149000,227462,xollo
120000,Egara,70.0,3.0,1.0,1714.0,0,0,1965.0,0,No,1,1.0,G,Venda,120000,131812,xollo
145000,Ca n�Anglada,104.0,4.0,1.0,1394.0,1,0,1974.0,0,No,0,1.0,E,Venda,145000,154078,xollo
336000,Centre,210.0,3.0,3.0,1600.0,1,1,1910.0,1,No,0,3.0,E,Venda,336000,427666,xollo
157000,Sant Pere Nord,77.0,2.0,1.0,2039.0,1,1,2008.0,1,No,1,2.0,F,Venda,157000,161000,xollo
59000,Montserrat,56.0,3.0,1.0,1054.0,0,0,1956.0,0,No,0,5.0,G,Venda,59000,103259,xollo
200900,Cementiri Vell,92.0,3.0,2.0,2184.0,1,0,1994.0,1,No,1,2.0,F,Venda,200900,227462,xollo
335000,Les Arenes-La Gr�pia,263.0,6.0,3.0,1274.0,1,0,1995.0,1,No,0,2.0,G,Venda,335000,427666,xollo
262500,Ca n�Aurell,82.0,3.0,2.0,3201.0,1,1,2022.0,1,No,1,1.0,G,Venda,262500,262636,xollo
248000,Ca n�Aurell,79.0,3.0,2.0,3139.0,1,1,2022.0,1,No,1,2.0,G,Venda,248000,262636,xollo
250000,Ca n�Aurell,79.0,3.0,2.0,3165.0,1,1,2022.0,1,No,1,3.0,G,Venda,250000,262636,xollo
250000,Ca n�Aurell,82.0,3.0,2.0,3049.0,1,1,2022.0,1,No,1,3.0,G,Venda,250000,262636,xollo
148000,Sant Pere Nord,92.0,3.0,1.0,1609.0,1,0,1965.0,0,No,1,3.0,G,Venda,148000,154078,xollo
152000,Ca n�Aurell,47.0,1.0,1.0,3234.0,1,1,2022.0,1,No,1,5.0,G,Venda,152000,161000,xollo
270000,Pere parres,120.0,4.0,2.0,2250.0,1,0,1990.0,1,No,1,6.0,G,Venda,270000,270525,xollo
149900,Ca n�Anglada,110.0,2.0,2.0,1363.0,1,0,2005.0,0,No,1,3.0,G,Venda,149900,192063,xollo
140000,Ca n�Aurell,45.0,1.0,1.0,3111.0,1,1,2022.0,1,No,1,1.0,G,Venda,140000,161000,xollo
194000,Can Roca,93.0,3.0,2.0,2086.0,1,1,2006.0,1,No,1,3.0,G,Venda,194000,227462,xollo
132900,Sant Pere Nord,82.0,4.0,1.0,1621.0,0,0,1970.0,0,No,0,1.0,G,Venda,132900,136656,xollo
183500,Can Roca,79.0,3.0,2.0,2323.0,1,1,1996.0,1,No,1,2.0,G,Venda,183500,227462,xollo
229000,Can Palet,250.0,3.0,1.0,916.0,1,0,1960.0,0,No,0,1.0,G,Venda,229000,270525,xollo
179000,Pere parres,90.0,4.0,2.0,1989.0,1,0,1979.0,0,No,1,1.0,G,Venda,179000,192063,xollo
140000,Can Palet,82.0,3.0,1.0,1707.0,1,0,1992.0,1,No,1,2.0,E,Venda,140000,157664,xollo
164900,Sant Pere Nord,105.0,3.0,2.0,1570.0,1,0,2002.0,0,No,1,3.0,G,Venda,164900,192063,xollo
99000,Can Palet,87.0,3.0,1.0,1138.0,0,0,1978.0,0,No,1,1.0,E,Venda,99000,136656,xollo
460000,Poblenou-Zona Esportiva,484.0,4.0,4.0,950.0,1,1,1998.0,1,Si,1,3.0,C,Venda,460000,471528,xollo
106000,Ca n�Anglada,53.0,2.0,1.0,2000.0,1,0,2008.0,0,No,1,2.0,E,Venda,106000,131812,xollo
148000,Can Boada,78.0,3.0,2.0,1897.0,1,0,2001.0,0,No,1,3.0,G,Venda,148000,192063,xollo
136200,Ca n�Aurell,60.0,3.0,1.0,2270.0,1,1,1991.0,1,No,0,3.0,E,Venda,136200,157664,xollo
178000,Can Palet,75.0,2.0,2.0,2373.0,1,1,2005.0,1,No,1,3.0,E,Venda,178000,227462,xollo
97000,Ca n�Anglada,82.0,3.0,1.0,1183.0,1,1,1971.0,0,No,0,1.0,G,Venda,97000,154078,xollo
136000,Cementiri Vell,94.0,3.0,1.0,1447.0,1,1,1970.0,0,No,1,1.0,E,Venda,136000,154078,xollo
580000,Centre,423.0,5.0,3.0,1371.0,1,0,1914.0,0,No,0,3.0,E,Venda,580000,639750,xollo
169000,Ca n�Anglada,120.0,3.0,2.0,1408.0,1,0,1979.0,0,No,0,1.0,G,Venda,169000,270525,xollo
169000,Sant Pere Nord,220.0,3.0,2.0,768.0,0,0,1974.0,1,No,0,2.0,G,Venda,169000,270525,xollo
194000,Can Roca,90.0,3.0,2.0,2156.0,1,1,2006.0,1,No,1,3.0,G,Venda,194000,227462,xollo
129000,Sant Pere,79.0,3.0,1.0,1633.0,1,1,1965.0,0,No,0,2.0,G,Venda,129000,154078,xollo
195000,Segle XX,75.0,3.0,2.0,2600.0,1,1,2003.0,1,No,0,2.0,E,Venda,195000,227462,xollo
130000,Can Palet,64.0,2.0,1.0,2031.0,1,1,2006.0,0,No,1,2.0,D,Venda,130000,131812,xollo
224900,Cementiri Vell,60.0,2.0,1.0,3748.0,1,1,2007.0,1,No,1,1.0,C,Venda,224900,226328,xollo
235000,Vallparad�s,139.0,4.0,2.0,1691.0,1,1,2000.0,0,No,1,4.0,E,Venda,235000,270525,xollo
93000,Montserrat,40.0,1.0,1.0,2325.0,1,0,2010.0,0,No,1,1.0,E,Venda,93000,131812,xollo
140000,Ca n�Aurell,45.0,1.0,1.0,3111.0,1,1,2022.0,1,No,1,1.0,G,Venda,140000,161000,xollo
215000,Poblenou-Zona Esportiva,70.0,2.0,2.0,3071.0,1,0,2022.0,1,No,1,4.0,G,Venda,215000,262636,xollo
118000,Can Boada,53.0,1.0,1.0,2226.0,1,0,2005.0,0,No,1,2.0,G,Venda,118000,131812,xollo
160000,Poblenou-Zona Esportiva,49.0,1.0,2.0,3265.0,1,0,2022.0,1,No,1,2.0,G,Venda,160000,168400,xollo
103000,Can Palet,64.0,3.0,1.0,1609.0,0,0,1971.0,0,No,0,3.0,E,Venda,103000,103259,xollo
142000,Segle XX,83.0,3.0,1.0,1711.0,1,0,1978.0,0,No,1,1.0,E,Venda,142000,154078,xollo
206000,Can Palet,148.0,4.0,2.0,1392.0,1,1,2002.0,0,No,1,3.0,E,Venda,206000,270525,xollo
147000,Can Jofresa,110.0,4.0,2.0,1336.0,0,0,1975.0,0,No,1,9.0,G,Venda,147000,166660,xollo
224900,Cementiri Vell,78.0,2.0,1.0,2883.0,1,0,2007.0,1,No,1,1.0,C,Venda,224900,226328,xollo
113000,Can Palet,66.0,3.0,1.0,1712.0,1,1,1980.0,1,No,1,3.0,G,Venda,113000,157664,xollo
262500,Ca n�Aurell,86.0,3.0,2.0,3052.0,1,1,2023.0,1,No,1,1.0,G,Venda,262500,262636,xollo
194000,Can Roca,90.0,3.0,2.0,2156.0,1,1,2006.0,1,No,1,3.0,D,Venda,194000,227462,xollo
265000,Vallparad�s,159.0,4.0,2.0,1667.0,1,0,1988.0,1,No,0,2.0,G,Venda,265000,270525,xollo
199900,Ca n�Aurell,126.0,4.0,1.0,1587.0,1,0,1964.0,0,No,1,3.0,G,Venda,199900,270525,xollo
269900,Vallparad�s,135.0,3.0,2.0,1999.0,1,1,2005.0,1,No,1,4.0,G,Venda,269900,270525,xollo
269900,Vallparad�s,135.0,3.0,2.0,1999.0,1,1,2005.0,1,No,1,4.0,G,Venda,269900,270525,xollo
193900,Ca n�Aurell,71.0,2.0,2.0,2731.0,1,1,2004.0,1,No,1,3.0,E,Venda,193900,227462,xollo
146000,Can Jofresa,95.0,4.0,2.0,1537.0,1,1,1975.0,0,No,1,5.0,E,Venda,146000,166660,xollo
112260,Ca n�Anglada,58.0,2.0,1.0,1936.0,1,0,2008.0,0,No,1,1.0,G,Venda,112260,131812,xollo
259000,Ca n�Aurell,122.0,4.0,2.0,2123.0,1,0,1969.0,1,No,1,2.0,G,Venda,259000,270525,xollo
59900,La Maurina,59.0,2.0,1.0,1015.0,0,0,1950.0,0,No,0,1.0,G,Venda,59900,103259,xollo
125000,Ca n�Aurell,46.0,1.0,1.0,2717.0,1,1,2006.0,0,No,1,1.0,G,Venda,125000,131812,xollo
180000,Segle XX,102.0,2.0,2.0,1765.0,1,0,2007.0,0,No,1,3.0,G,Venda,180000,192063,xollo
198000,Vallparad�s,97.0,3.0,2.0,2041.0,1,0,2002.0,1,No,1,2.0,E,Venda,198000,227462,xollo
145000,Ca n�Aurell,45.0,1.0,1.0,3222.0,1,1,2005.0,1,No,1,1.0,E,Venda,145000,157664,xollo
120000,Can Roca,48.0,1.0,1.0,2500.0,1,0,2004.0,0,No,1,1.0,C,Venda,120000,131812,xollo
116000,Can Palet,78.0,3.0,1.0,1487.0,1,0,1969.0,0,No,1,6.0,F,Venda,116000,154078,xollo
98000,Can Palet,78.0,3.0,1.0,1256.0,0,0,1967.0,0,No,1,3.0,E,Venda,98000,136656,xollo
184000,Sant Pere Nord,102.0,3.0,2.0,1804.0,0,0,1998.0,0,No,0,3.0,G,Venda,184000,192063,xollo
134000,Sant Pere,90.0,3.0,1.0,1489.0,0,0,1976.0,0,No,0,2.0,F,Venda,134000,136656,xollo
225000,Poblenou-Zona Esportiva,93.0,3.0,2.0,2419.0,1,1,2022.0,1,No,1,1.0,G,Venda,225000,262636,xollo
235000,Poblenou-Zona Esportiva,94.0,3.0,2.0,2500.0,1,1,2022.0,1,No,1,2.0,G,Venda,235000,262636,xollo
97500,Ca nﾴAnglada,99.0,3.0,1.0,985.0,0,0,1971.0,0,No,0,2.0,F,Venda,97500,136656,xollo
131500,Torre-sana,118.0,2.0,2.0,1114.0,1,1,2003.0,1,No,1,2.0,E,Venda,131500,183437,xollo
188900,Centre,80.0,3.0,2.0,2361.0,1,1,1992.0,0,No,1,1.0,G,Venda,188900,192063,xollo
120000,Can Roca,42.0,1.0,1.0,2857.0,1,0,2004.0,0,No,1,1.0,G,Venda,120000,131812,xollo
65700,Ca nﾴAnglada,64.0,3.0,1.0,1027.0,0,0,1968.0,0,No,0,4.0,G,Venda,65700,103259,xollo
75000,Sant Lloren�,64.0,2.0,1.0,1172.0,1,0,1960.0,0,No,0,2.0,G,Venda,75000,103259,xollo
186000,Poblenou-Zona Esportiva,109.0,2.0,2.0,1706.0,1,0,2001.0,0,No,1,2.0,E,Venda,186000,192063,xollo
248000,Ca n�Aurell,78.0,3.0,2.0,3179.0,1,1,2022.0,1,No,1,2.0,G,Venda,248000,262636,xollo
129800,Les Fonts,58.0,2.0,1.0,2238.0,1,1,2006.0,0,No,1,1.0,C,Venda,129800,131812,xollo
150000,Vallparad�s,94.0,4.0,1.0,1596.0,1,1,1970.0,0,No,1,4.0,E,Venda,150000,154078,xollo
130000,Poblenou-Zona Esportiva,42.0,1.0,1.0,3095.0,1,0,2022.0,1,No,1,2.0,G,Venda,130000,161000,xollo
145000,Ca n�Aurell,50.0,1.0,1.0,2900.0,1,1,2005.0,1,No,0,1.0,E,Venda,145000,157664,xollo
85000,Can Palet,98.0,4.0,2.0,867.0,1,0,1973.0,0,No,0,4.0,E,Venda,85000,166660,xollo
345000,Sant Pere,131.0,3.0,3.0,2634.0,1,0,2022.0,0,No,0,1.0,G,Venda,345000,369000,xollo
150000,Can Jofresa,110.0,4.0,2.0,1364.0,0,0,1975.0,0,No,1,9.0,G,Venda,150000,166660,xollo
196000,Can Boada,106.0,2.0,1.0,1849.0,1,1,1996.0,1,No,1,4.0,G,Venda,196000,212000,xollo
263000,Can Boada,118.0,3.0,2.0,2229.0,1,1,1995.0,1,No,1,1.0,G,Venda,263000,270525,xollo
225000,La Maurina,183.0,4.0,2.0,1230.0,0,1,1975.0,0,No,0,1.0,D,Venda,225000,270525,xollo
144000,Cementiri Vell,85.0,4.0,2.0,1694.0,1,0,1984.0,0,No,1,2.0,G,Venda,144000,192063,xollo
147000,Can Jofresa,96.0,4.0,2.0,1531.0,0,0,1975.0,0,No,1,9.0,E,Venda,147000,166660,xollo
120000,Can Roca,48.0,1.0,1.0,2500.0,1,0,2004.0,0,No,1,1.0,G,Venda,120000,131812,xollo
265000,Vallparad�s,137.0,4.0,2.0,1934.0,1,0,1988.0,0,No,1,2.0,E,Venda,265000,270525,xollo
136000,Cementiri Vell,94.0,3.0,1.0,1447.0,1,1,1970.0,0,No,1,1.0,E,Venda,136000,154078,xollo
135500,Can Palet,69.0,2.0,2.0,1964.0,1,0,2006.0,0,No,1,5.0,F,Venda,135500,192063,xollo
144000,Ca n�Anglada,100.0,4.0,2.0,1440.0,1,1,1977.0,0,No,0,1.0,E,Venda,144000,166660,xollo
149900,Pl� del Bonaire,82.0,3.0,1.0,1828.0,1,1,1963.0,1,No,0,1.0,G,Venda,149900,157664,xollo
224000,Les Arenes-La Gr�pia,94.0,3.0,2.0,2383.0,1,1,2004.0,1,No,1,1.0,G,Venda,224000,227462,xollo
147260,Ca n�Aurell,78.0,4.0,1.0,1888.0,1,0,1975.0,0,No,1,4.0,G,Venda,147260,154078,xollo
94500,Sant Pere Nord,38.0,1.0,1.0,2487.0,1,0,2008.0,0,No,1,1.0,D,Venda,94500,131812,xollo
79000,Montserrat,58.0,3.0,1.0,1362.0,0,0,1956.0,0,No,0,2.0,G,Venda,79000,103259,xollo
75000,Ca n�Anglada,63.0,3.0,1.0,1190.0,1,0,1973.0,0,No,0,3.0,G,Venda,75000,103259,xollo
137000,Les Arenes-La Gr�pia,92.0,3.0,1.0,1489.0,1,0,1960.0,0,No,1,12.0,F,Venda,137000,154078,xollo
155000,Sant Pere Nord,70.0,2.0,1.0,2214.0,1,0,2006.0,1,No,1,2.0,G,Venda,155000,157664,xollo
135960,Torre-sana,63.0,2.0,3.0,2158.0,0,0,2003.0,0,No,0,1.0,E,Venda,135960,192063,xollo
136000,Ca n�Aurell,108.0,4.0,1.0,1259.0,0,0,1973.0,0,No,1,1.0,G,Venda,136000,136656,xollo
80000,Egara,61.0,3.0,1.0,1311.0,0,0,1968.0,0,No,0,3.0,E,Venda,80000,103259,xollo
125000,Can Boada,84.0,4.0,1.0,1488.0,1,0,1974.0,0,No,1,2.0,G,Venda,125000,154078,xollo
148500,Can Boada,93.0,4.0,1.0,1597.0,1,0,1979.0,0,No,1,3.0,G,Venda,148500,154078,xollo
224900,Cementiri Vell,60.0,2.0,1.0,3748.0,1,0,2007.0,1,No,1,1.0,D,Venda,224900,226328,xollo
200000,Torre-sana,141.0,4.0,2.0,1418.0,1,0,2003.0,1,No,0,2.0,G,Venda,200000,270525,xollo
330000,Sant Pere Nord,190.0,3.0,3.0,1737.0,1,1,2020.0,1,No,1,3.0,G,Venda,330000,350862,xollo
175000,Can Palet,94.0,3.0,2.0,1862.0,0,0,2000.0,0,No,1,2.0,G,Venda,175000,192063,xollo
174000,Ca nﾴAnglada,136.0,5.0,2.0,1279.0,0,0,1970.0,0,No,0,2.0,G,Venda,174000,270525,xollo
120000,Can Roca,48.0,1.0,1.0,2500.0,1,0,2004.0,0,No,1,1.0,G,Venda,120000,131812,xollo
180000,Sant Pere Nord,94.0,3.0,2.0,1915.0,1,0,1996.0,0,No,1,2.0,E,Venda,180000,192063,xollo
149000,Segle XX,100.0,4.0,2.0,1490.0,0,0,1980.0,0,No,1,3.0,E,Venda,149000,192063,xollo
149000,Les Arenes-La Gr�pia,88.0,3.0,1.0,1693.0,1,0,1975.0,0,No,0,1.0,G,Venda,149000,154078,xollo
186000,Poblenou-Zona Esportiva,85.0,2.0,2.0,2188.0,1,0,2001.0,0,No,1,2.0,E,Venda,186000,192063,xollo
118000,Can Boada,53.0,1.0,1.0,2226.0,1,0,2005.0,0,No,1,2.0,G,Venda,118000,131812,xollo
188500,Poblenou-Zona Esportiva,95.0,3.0,2.0,1984.0,1,1,2002.0,1,No,1,1.0,D,Venda,188500,227462,xollo
115000,Egara,81.0,3.0,1.0,1420.0,0,0,1953.0,0,No,0,1.0,G,Venda,115000,136656,xollo
69000,Sant Lloren�,61.0,2.0,1.0,1131.0,0,0,1960.0,0,No,0,4.0,G,Venda,69000,103259,xollo
99000,La Maurina,72.0,3.0,1.0,1375.0,1,0,1979.0,0,No,0,4.0,E,Venda,99000,103259,xollo
100500,Sant Pere Nord,39.0,1.0,1.0,2577.0,1,0,2008.0,0,No,1,2.0,C,Venda,100500,131812,xollo
199900,Ca n�Aurell,126.0,4.0,1.0,1587.0,1,0,1964.0,0,No,1,3.0,G,Venda,199900,270525,xollo
126000,Can Palet,77.0,3.0,1.0,1636.0,0,0,1967.0,0,No,1,2.0,E,Venda,126000,131812,xollo
87000,Egara,79.0,3.0,1.0,1101.0,1,0,1970.0,0,No,0,3.0,F,Venda,87000,154078,xollo
149000,Les Arenes-La Gr�pia,80.0,2.0,1.0,1863.0,1,0,2008.0,0,No,1,2.0,C,Venda,149000,154078,xollo
99000,Ca nﾴAnglada,71.0,3.0,1.0,1394.0,0,0,1973.0,0,No,0,2.0,G,Venda,99000,103259,xollo
250000,Ca n�Aurell,118.0,3.0,2.0,2119.0,1,1,1952.0,0,No,0,2.0,G,Venda,250000,270525,xollo
174000,Sant Pere Nord,94.0,3.0,2.0,1851.0,1,0,1996.0,0,No,1,2.0,E,Venda,174000,192063,xollo
224900,Cementiri Vell,60.0,2.0,1.0,3748.0,1,1,2007.0,1,No,1,1.0,C,Venda,224900,226328,xollo
279000,Poblenou-Zona Esportiva,120.0,2.0,2.0,2325.0,0,1,2000.0,1,No,1,7.0,G,Venda,279000,282000,xollo
141000,Ca nﾴAnglada,128.0,2.0,2.0,1102.0,0,0,2008.0,0,No,0,3.0,E,Venda,141000,183437,xollo
93000,Torre-sana,44.0,1.0,1.0,2114.0,0,0,2010.0,0,No,1,1.0,E,Venda,93000,131812,xollo
180000,Ca n�Anglada,108.0,3.0,2.0,1667.0,1,1,1994.0,0,No,0,2.0,G,Venda,180000,192063,xollo
69000,Ca nﾴAnglada,74.0,3.0,1.0,932.0,0,0,1956.0,0,No,0,1.0,G,Venda,69000,103259,xollo
181000,Poblenou-Zona Esportiva,77.0,2.0,2.0,2351.0,1,0,2002.0,1,No,1,1.0,E,Venda,181000,227462,xollo
189900,Centre,80.0,3.0,2.0,2374.0,1,1,1995.0,0,No,1,1.0,E,Venda,189900,192063,xollo
66000,Ca n�Anglada,45.0,1.0,1.0,1467.0,0,0,2011.0,0,No,1,1.0,G,Venda,66000,131812,xollo
160000,Can Jofresa,110.0,4.0,2.0,1455.0,1,1,1977.0,0,No,1,7.0,C,Venda,160000,166660,xollo
259900,Segle XX,116.0,3.0,2.0,2241.0,1,1,1956.0,0,No,0,2.0,G,Venda,259900,270525,xollo
125000,Les Fonts,58.0,2.0,1.0,2155.0,1,1,2005.0,1,No,0,1.0,G,Venda,125000,157664,xollo
110000,Can Boada,89.0,3.0,1.0,1236.0,0,0,1976.0,0,No,1,7.0,E,Venda,110000,136656,xollo
120000,Sant Pere Nord,85.0,3.0,1.0,1412.0,0,0,1970.0,0,No,0,4.0,A,Venda,120000,136656,xollo
130000,Pere parres,84.0,3.0,1.0,1548.0,1,0,1976.0,0,No,0,2.0,D,Venda,130000,154078,xollo
142000,Roc Blanc,52.0,1.0,1.0,2731.0,1,1,2006.0,1,No,1,1.0,E,Venda,142000,157664,xollo
135500,Ca nﾴAurell,130.0,2.0,1.0,1042.0,0,0,1950.0,0,No,0,1.0,A,Venda,135500,183437,xollo
84000,Can Palet,73.0,2.0,1.0,1151.0,1,1,1973.0,0,No,0,4.0,G,Venda,84000,103259,xollo
128000,Ca n�Aurell,73.0,3.0,1.0,1753.0,1,1,1978.0,0,No,1,5.0,G,Venda,128000,131812,xollo
